393,"Que la donación y trasplante de órganos sólidos y tejidos sea una herramienta terapéutica consolidada y ampliamente difundida
--
Problema: Brecha existente entre la necesidad de órganos y su real disponibilidad, ya que en los últimos 10 años, nuestras  tasas de donación han oscilado en torno a los 7 donantes por millón de habitantes (una de las más bajas del cono sur),  y la negativa familiar es de un 51%.
Solución: Generación de una política robusta y eficaz que permita minimizar las deficiencias actuales, conocer exactamente el funcionamiento de unidades de procuramiento, y colocar incentivos a aquellos directores de hospitales que gestionen y demuestren mejorías en las cifras de donaciones. 

Para esto se proponen las siguientes medidas: 

1. Fortalecer la institucionalidad de la Coordinadora Nacional de trasplantes, dotándola de mayor autonomía, y capacidad de injerencia sobre instituciones de salud, públicas y privadas.

2. Generar la disponibilidad de mínimas condiciones estructurales y administrativas que permitan a quienes se desempeñan en Servicios de Urgencia y UCIs detectar y sostener a potenciales donantes en el ámbito de un compromiso y apoyo explícito del sistema de salud y cada centro en particular (públicos y privados). Este punto nos parece especialmente sensible dado que dificultades similares a las nuestras se han resuelto exitosamente a través de asesorías de organismos reconocidos internacionalmente. Esta asistencia podría significar un cambio importante en las estrategias que se han llevado a cabo hasta ahora.

3. Detectar modelos de gestión actualmente exitosos: en la Región Metropolitana y Regiones, para estudiarlos en detalle y así replicar sus procesos y fórmulas, en otros centros similares. 

4. Establecer una política intersectorial, con Educación y Cultura, de manera de lograr instalar en el país el cambio cultural necesario, para ser “un país donante”.

5. Continuar apoyando instituciones comunitarias y ONGs, relacionadas con apoyo a agrupaciones de pacientes y familiares, reconociendo su importancia para asentar una cultura por la donación en Chile a través de toda la sociedad, comenzando por los niños.
Clasificación: salud
"
370,"Crear un Sistema Nacional de Seguridad Social Integrado
--
Problema: La CUT seguirá siendo parte de todas las instancias y acciones para eliminar el actual sistema de pensiones basado en las AFP, pero entendemos que esto no es suficiente. El sistema de pensiones no debe concebirse de manera aislada del sistema de salud, del sistema de protección a la seguridad y salud en el trabajo y del seguro de cesantía.
Solución: Ratificar el Convenio 102 de la OIT y, a la par, instaurar un Sistema Nacional de Seguridad Social Integrado.
Clasificación: asistencia
"
172,"Mejorar la calidad de vida de las personas mayores
--
Problema: as precariedades del Adulto Mayor que se traducen en una mala calidad de vida, por ejemplo:
1. Costo elevado por un tratamiento de salud
2. Lugares de esparcimiento inapropiados
3. Falta de accesos adecuados cuando el adulto mayor asiste a lugares de su interés
4. Falta de instancias de relaciones humanas
5. Falta de información en cuanto a alimentación y salud sicológica
6. Restricción en acceso a la red de metro y transporte público, lo que reduce la movilidad de los adultos mayores.
7. La rebaja en transporte para los adultos mayores se limita a los que tienen pensiones. Una gran cantidad de adultos mayores no reciben pensión, ya sea porque nunca se impusieron por trabajar en empleos de manera independiente (feriantes, vendedores callejeros, etc), o mujeres que siempre se quedaron en labores del hogar y el esposo era el proveedor. 

Hoy los adultos mayores son más activos, después de los 60 años tienen más energía para desarrollar actividades productivas y estudios.
Solución: Medidas urgentes:
- Suprimir las contribuciones al Adulto Mayor
- Aumentar cobertura de salud
- Sistema de visitas al hogar, de enfermeras, auxiliar de enfermería
- Facilitar y otorgar mayor acceso al transporte público
Medidas de largo plazo:
- Crear infraestructura y comunidad donde el Adulto Mayor pueda tener una vida digna
- Fondo de ayuda de las isapres destinado al adulto mayor de escasos recursos para apoyar su situación después de que este ha cotizado toda la vida.

Creemos que está estigmatizado el nombre “Adulto Mayor”, razón por la cual proponemos declarar a la gente con edad superior a 60 años como “Personas Mayores”.
Clasificación: terceraedad
"
833,"Anticorrupción para Parlamentarios
--
Problema: Parlamentarios con querellas de corrupción vigente o casos de corrupción en su historial, no pueden ejercer cargos políticos en el gobierno de turno.
Solución: Antea de poder aplicar a algún cargo público, se debe asegurar que el individuo/a en su historial no tenga ninguna acusación o querella, en curso o sobreseida, sobre hechos de corrupción o mal manejo de dinero con Dineros públicos. Cualquiera que posea antecedentes de este tipo, no podrá participar en la carrera para aplicar a cargos públicos.
Clasificación: transparencia
"
832,"Anticorrupción para Parlamentarios
--
Problema: Parlamentarios con querellas de corrupción vigente o casos de corrupción en su historial, no pueden ejercer cargos políticos en el gobierno de turno.
Solución: Antea de poder aplicar a algún cargo público, se debe asegurar que el individuo/a en su historial no tenga ninguna acusación o querella, en curso o sobreseida, sobre hechos de corrupción o mal manejo de dinero con Dineros públicos. Cualquiera que posea antecedentes de este tipo, no podrá participar en la carrera para aplicar a cargos públicos.
Clasificación: transparencia
"
831,"Anticorrupción para Parlamentarios
--
Problema: Parlamentarios con querellas de corrupción vigente o casos de corrupción en su historial, no pueden ejercer cargos políticos en el gobierno de turno.
Solución: Antea de poder aplicar a algún cargo público, se debe asegurar que el individuo/a en su historial no tenga ninguna acusación o querella, en curso o sobreseida, sobre hechos de corrupción o mal manejo de dinero con Dineros públicos. Cualquiera que posea antecedentes de este tipo, no podrá participar en la carrera para aplicar a cargos públicos.
Clasificación: transparencia
"
830,"Anticorrupción para Parlamentarios
--
Problema: Parlamentarios con querellas de corrupción vigente o casos de corrupción en su historial, no pueden ejercer cargos políticos en el gobierno de turno.
Solución: Antea de poder aplicar a algún cargo público, se debe asegurar que el individuo/a en su historial no tenga ninguna acusación o querella, en curso o sobreseida, sobre hechos de corrupción o mal manejo de dinero con Dineros públicos. Cualquiera que posea antecedentes de este tipo, no podrá participar en la carrera para aplicar a cargos públicos.
Clasificación: transparencia
"
829,"Anticorrupción para Parlamentarios
--
Problema: Parlamentarios con querellas de corrupción vigente o casos de corrupción en su historial, no pueden ejercer cargos políticos en el gobierno de turno.
Solución: Antea de poder aplicar a algún cargo público, se debe asegurar que el individuo/a en su historial no tenga ninguna acusación o querella, en curso o sobreseida, sobre hechos de corrupción o mal manejo de dinero con Dineros públicos. Cualquiera que posea antecedentes de este tipo, no podrá participar en la carrera para aplicar a cargos públicos.
Clasificación: transparencia
"
828,"Anticorrupción para Parlamentarios
--
Problema: Parlamentarios con querellas de corrupción vigente o casos de corrupción en su historial, no pueden ejercer cargos políticos en el gobierno de turno.
Solución: Antea de poder aplicar a algún cargo público, se debe asegurar que el individuo/a en su historial no tenga ninguna acusación o querella, en curso o sobreseida, sobre hechos de corrupción o mal manejo de dinero con Dineros públicos. Cualquiera que posea antecedentes de este tipo, no podrá participar en la carrera para aplicar a cargos públicos.
Clasificación: transparencia
"
827,"Anticorrupción para Parlamentarios
--
Problema: Parlamentarios con querellas de corrupción vigente o casos de corrupción en su historial, no pueden ejercer cargos políticos en el gobierno de turno.
Solución: Antea de poder aplicar a algún cargo público, se debe asegurar que el individuo/a en su historial no tenga ninguna acusación o querella, en curso o sobreseida, sobre hechos de corrupción o mal manejo de dinero con Dineros públicos. Cualquiera que posea antecedentes de este tipo, no podrá participar en la carrera para aplicar a cargos públicos.
Clasificación: transparencia
"
826,"Anticorrupción para Parlamentarios
--
Problema: Parlamentarios con querellas de corrupción vigente o casos de corrupción en su historial, no pueden ejercer cargos políticos en el gobierno de turno.
Solución: Antea de poder aplicar a algún cargo público, se debe asegurar que el individuo/a en su historial no tenga ninguna acusación o querella, en curso o sobreseida, sobre hechos de corrupción o mal manejo de dinero con Dineros públicos. Cualquiera que posea antecedentes de este tipo, no podrá participar en la carrera para aplicar a cargos públicos.
Clasificación: transparencia
"
825,"Anticorrupción para Parlamentarios
--
Problema: Parlamentarios con querellas de corrupción vigente o casos de corrupción en su historial, no pueden ejercer cargos políticos en el gobierno de turno.
Solución: Antea de poder aplicar a algún cargo público, se debe asegurar que el individuo/a en su historial no tenga ninguna acusación o querella, en curso o sobreseida, sobre hechos de corrupción o mal manejo de dinero con Dineros públicos. Cualquiera que posea antecedentes de este tipo, no podrá participar en la carrera para aplicar a cargos públicos.
Clasificación: transparencia
"
824,"Anticorrupción para Parlamentarios
--
Problema: Parlamentarios con querellas de corrupción vigente o casos de corrupción en su historial, no pueden ejercer cargos políticos en el gobierno de turno.
Solución: Antea de poder aplicar a algún cargo público, se debe asegurar que el individuo/a en su historial no tenga ninguna acusación o querella, en curso o sobreseida, sobre hechos de corrupción o mal manejo de dinero con Dineros públicos. Cualquiera que posea antecedentes de este tipo, no podrá participar en la carrera para aplicar a cargos públicos.
Clasificación: transparencia
"
823,"Anticorrupción para Parlamentarios
--
Problema: Parlamentarios con querellas de corrupción vigente o casos de corrupción en su historial, no pueden ejercer cargos políticos en el gobierno de turno.
Solución: Antea de poder aplicar a algún cargo público, se debe asegurar que el individuo/a en su historial no tenga ninguna acusación o querella, en curso o sobreseida, sobre hechos de corrupción o mal manejo de dinero con Dineros públicos. Cualquiera que posea antecedentes de este tipo, no podrá participar en la carrera para aplicar a cargos públicos.
Clasificación: transparencia
"
822,"Crear una ley para limitar y/o eliminar  candidaturas de parlamentarios con antecedentes de corrupción
--
Problema: Parlamentarios con querellas de corrupción vigente o casos de corrupción en su historial, no pueden ejercer cargos políticos en el gobierno de turno.
Solución: Antea de poder aplicar a algún cargo público, se debe asegurar que el individuo/a en su historial no tenga ninguna acusación o querella, en curso o sobreseida, sobre hechos de corrupción o mal manejo de dinero con Dineros públicos. Cualquiera que posea antecedentes de este tipo, no podrá participar en la carrera para aplicar a cargos públicos.
Clasificación: transparencia
"
821,"Crear una ley para limitar y/o eliminar  candidaturas de parlamentarios con antecedentes de corrupción
--
Problema: Parlamentarios con querellas de corrupción vigente o casos de corrupción en su historial, no pueden ejercer cargos políticos en el gobierno de turno.
Solución: Antea de poder aplicar a algún cargo público, se debe asegurar que el individuo/a en su historial no tenga ninguna acusación o querella, en curso o sobreseida, sobre hechos de corrupción o mal manejo de dinero con Dineros públicos. Cualquiera que posea antecedentes de este tipo, no podrá participar en la carrera para aplicar a cargos públicos.
Clasificación: transparencia
"
820,"Crear una ley para limitar y/o eliminar  candidaturas de parlamentarios con antecedentes de corrupción
--
Problema: Parlamentarios con querellas de corrupción vigente o casos de corrupción en su historial, no pueden ejercer cargos políticos en el gobierno de turno.
Solución: Antea de poder aplicar a algún cargo público, se debe asegurar que el individuo/a en su historial no tenga ninguna acusación o querella, en curso o sobreseida, sobre hechos de corrupción o mal manejo de dinero con Dineros públicos. Cualquiera que posea antecedentes de este tipo, no podrá participar en la carrera para aplicar a cargos públicos.
Clasificación: transparencia
"
819,"Crear una ley para limitar y/o eliminar  candidaturas de parlamentarios con antecedentes de corrupción
--
Problema: Parlamentarios con querellas de corrupción vigente o casos de corrupción en su historial, no pueden ejercer cargos políticos en el gobierno de turno.
Solución: Antea de poder aplicar a algún cargo público, se debe asegurar que el individuo/a en su historial no tenga ninguna acusación o querella, en curso o sobreseida, sobre hechos de corrupción o mal manejo de dinero con Dineros públicos. Cualquiera que posea antecedentes de este tipo, no podrá participar en la carrera para aplicar a cargos públicos.
Clasificación: transparencia
"
818,"Crear una ley para limitar y/o eliminar  candidaturas de parlamentarios con antecedentes de corrupción
--
Problema: Parlamentarios con querellas de corrupción vigente o casos de corrupción en su historial, no pueden ejercer cargos políticos en el gobierno de turno.
Solución: Antea de poder aplicar a algún cargo público, se debe asegurar que el individuo/a en su historial no tenga ninguna acusación o querella, en curso o sobreseida, sobre hechos de corrupción o mal manejo de dinero con Dineros públicos. Cualquiera que posea antecedentes de este tipo, no podrá participar en la carrera para aplicar a cargos públicos.
Clasificación: transparencia
"
817,"Crear ley para que Parlamentarios acusados de actos de corrupción o mal manejo de dineros públicos, ya sea con querellas actuales o sobreseidos, no vuelvan a ejercer cargos públicos, de ningún tipo.
--
Problema: Parlamentarios con querellas de corrupción vigente o casos de corrupción en su historial, no pueden ejercer cargos políticos en el gobierno de turno.
Solución: Antea de poder aplicar a algún cargo público, se debe asegurar que el individuo/a en su historial no tenga ninguna acusación o querella, en curso o sobreseida, sobre hechos de corrupción o mal manejo de dinero con Dineros públicos. Cualquiera que posea antecedentes de este tipo, no podrá participar en la carrera para aplicar a cargos públicos.
Clasificación: transparencia
"
816,"Crear ley para que Parlamentarios acusados de actos de corrupción o mal manejo de dineros públicos, ya sea con querellas actuales o sobreseidos, no vuelvan a ejercer cargos públicos, de ningún tipo.
--
Problema: Parlamentarios con querellas de corrupción vigente o casos de corrupción en su historial, no pueden ejercer cargos políticos en el gobierno de turno.
Solución: Antea de poder aplicar a algún cargo público, se debe asegurar que el individuo/a en su historial no tenga ninguna acusación o querella, en curso o sobreseida, sobre hechos de corrupción o mal manejo de dinero con Dineros públicos. Cualquiera que posea antecedentes de este tipo, no podrá participar en la carrera para aplicar a cargos públicos.
Clasificación: transparencia
"
815,"Crear ley para que Parlamentarios acusados de actos de corrupción o mal manejo de dineros públicos, ya sea con querellas actuales o sobreseidos, no vuelvan a ejercer cargos públicos, de ningún tipo.
--
Problema: Parlamentarios con querellas de corrupción vigente o casos de corrupción en su historial, no pueden ejercer cargos políticos en el gobierno de turno.
Solución: Antea de poder aplicar a algún cargo público, se debe asegurar que el individuo/a en su historial no tenga ninguna acusación o querella, en curso o sobreseida, sobre hechos de corrupción o mal manejo de dinero con Dineros públicos. Cualquiera que posea antecedentes de este tipo, no podrá participar en la carrera para aplicar a cargos públicos.
Clasificación: transparencia
"
814,"Crear ley para que Parlamentarios acusados de actos de corrupción o mal manejo de dineros públicos, ya sea con querellas actuales o sobreseidos, no vuelvan a ejercer cargos públicos, de ningún tipo.
--
Problema: Parlamentarios con querellas de corrupción vigente o casos de corrupción en su historial, no pueden ejercer cargos políticos en el gobierno de turno.
Solución: Antea de poder aplicar a algún cargo público, se debe asegurar que el individuo/a en su historial no tenga ninguna acusación o querella, en curso o sobreseida, sobre hechos de corrupción o mal manejo de dinero con Dineros públicos. Cualquiera que posea antecedentes de este tipo, no podrá participar en la carrera para aplicar a cargos públicos.
Clasificación: transparencia
"
813,"Crear ley para que Parlamentarios acusados de actos de corrupción o mal manejo de dineros públicos, ya sea con querellas actuales o sobreseidos, no vuelvan a ejercer cargos públicos, de ningún tipo.
--
Problema: Parlamentarios con querellas de corrupción vigente o casos de corrupción en su historial, no pueden ejercer cargos políticos en el gobierno de turno.
Solución: Antea de poder aplicar a algún cargo público, se debe asegurar que el individuo/a en su historial no tenga ninguna acusación o querella, en curso o sobreseida, sobre hechos de corrupción o mal manejo de dinero con Dineros públicos. Cualquiera que posea antecedentes de este tipo, no podrá participar en la carrera para aplicar a cargos públicos.
Clasificación: transparencia
"
812,"Crear ley para que Parlamentarios acusados de actos de corrupción o mal manejo de dineros públicos, ya sea con querellas actuales o sobreseidos, no vuelvan a ejercer cargos públicos, de ningún tipo.
--
Problema: Parlamentarios con querellas de corrupción vigente o casos de corrupción en su historial, no pueden ejercer cargos políticos en el gobierno de turno.
Solución: Antea de poder aplicar a algún cargo público, se debe asegurar que el individuo/a en su historial no tenga ninguna acusación o querella, en curso o sobreseida, sobre hechos de corrupción o mal manejo de dinero con Dineros públicos. Cualquiera que posea antecedentes de este tipo, no podrá participar en la carrera para aplicar a cargos públicos.
Clasificación: transparencia
"
811,"Por un gobierno con mas ética, moral y eficiencia.
--
Problema: Evitar nepotismo, amiguismo, trafico información privilegiada, y problemas relacionados con el funcionamiento de los servicios públicos.
Solución: Crear una institución que se encargue de buscar y evaluar los rendimientos de los empleados públicos como la comisión de servicios públicos de Canadá o la comisión de servicios del estado de Nueva Zelanda.
Clasificación: institucionespublicas
"
810,"Carne Chilena de Calidad Mundial y Carbono Neutral
--
Problema: Aumentar la rentabilidad de la producción de carne bovina de calidad y disminuir el impacto ambiental en la Araucania y Chile.
Solución: Los objetivos son identificar modelos de gestión que permitan reducir la huella medioambiental de las explotaciones de bovinos de carne. Incluyendo la introducción de metodologías de economía circular y comercio justo, la innovación y optimización de procesos productivos, reproductivos, alimenticios y el ciclo integral del proceso de producción de carne bovina de calidad, permitiendo de esta manera llegar a mercados especificos para aumentar de esta manera la rentabilidad de los productores locales.
Clasificación: sustentabilida
"
809,"Carne Chilena de Calidad Mundial y Carbono Neutral
--
Problema: Aumentar la rentabilidad de la producción de carne bovina de calidad y disminuir el impacto ambiental en la Araucania y Chile.
Solución: Los objetivos son identificar modelos de gestión que permitan reducir la huella medioambiental de las explotaciones de bovinos de carne. Incluyendo la introducción de metodologías de economía circular y comercio justo, la innovación y optimización de procesos productivos, reproductivos, alimenticios y el ciclo integral del proceso de producción de carne bovina de calidad, permitiendo de esta manera llegar a mercados especificos para aumentar de esta manera la rentabilidad de los productores locales.
Clasificación: sustentabilida
"
808,"Carne Chilena de Calidad Mundial y Carbono Neutral
--
Problema: Aumentar la rentabilidad de la producción de carne bovina de calidad y disminuir el impacto ambiental en la Araucania y Chile.
Solución: Los objetivos son identificar modelos de gestión que permitan reducir la huella medioambiental de las explotaciones de bovinos de carne. Incluyendo la introducción de metodologías de economía circular y comercio justo, la innovación y optimización de procesos productivos, reproductivos, alimenticios y el ciclo integral del proceso de producción de carne bovina de calidad, permitiendo de esta manera llegar a mercados especificos para aumentar de esta manera la rentabilidad de los productores locales.
Clasificación: sustentabilida
"
807,"Carne Chilena de Calidad Mundial y Carbono Neutral
--
Problema: Aumentar la rentabilidad de la producción de carne bovina de calidad y disminuir el impacto ambiental en la Araucania y Chile.
Solución: Los objetivos son identificar modelos de gestión que permitan reducir la huella medioambiental de las explotaciones de bovinos de carne. Incluyendo la introducción de metodologías de economía circular y comercio justo, la innovación y optimización de procesos productivos, reproductivos, alimenticios y el ciclo integral del proceso de producción de carne bovina de calidad, permitiendo de esta manera llegar a mercados especificos para aumentar de esta manera la rentabilidad de los productores locales.
Clasificación: sustentabilida
"
806,"Carne Chilena de Calidad Mundial y Carbono Neutral
--
Problema: Aumentar la rentabilidad de la producción de carne bovina de calidad y disminuir el impacto ambiental en la Araucania y Chile.
Solución: Los objetivos son identificar modelos de gestión que permitan reducir la huella medioambiental de las explotaciones de bovinos de carne. Incluyendo la introducción de metodologías de economía circular y comercio justo, la innovación y optimización de procesos productivos, reproductivos, alimenticios y el ciclo integral del proceso de producción de carne bovina de calidad, permitiendo de esta manera llegar a mercados especificos para aumentar de esta manera la rentabilidad de los productores locales.
Clasificación: sustentabilida
"
805,"Carne Chilena de Calidad Mundial y Carbono Neutral
--
Problema: Aumentar la rentabilidad de la producción de carne bovina de calidad y disminuir el impacto ambiental en la Araucania y Chile.
Solución: Los objetivos son identificar modelos de gestión que permitan reducir la huella medioambiental de las explotaciones de bovinos de carne. Incluyendo la introducción de metodologías de economía circular y comercio justo, la innovación y optimización de procesos productivos, reproductivos, alimenticios y el ciclo integral del proceso de producción de carne bovina de calidad, permitiendo de esta manera llegar a mercados especificos para aumentar de esta manera la rentabilidad de los productores locales.
Clasificación: sustentabilida
"
804,"Carne Chilena de Calidad Mundial y Carbono Neutral
--
Problema: Aumentar la rentabilidad de la producción de carne bovina de calidad y disminuir el impacto ambiental en la Araucania y Chile.
Solución: Los objetivos son identificar modelos de gestión que permitan reducir la huella medioambiental de las explotaciones de bovinos de carne. Incluyendo la introducción de metodologías de economía circular y comercio justo, la innovación y optimización de procesos productivos, reproductivos, alimenticios y el ciclo integral del proceso de producción de carne bovina de calidad, permitiendo de esta manera llegar a mercados especificos para aumentar de esta manera la rentabilidad de los productores locales.
Clasificación: sustentabilida
"
803,"Promulgación Ley contra el antisemitismo.
--
Problema: Penalizar toda clase de antisemitismo e incitación al odio,
Solución: Mi propuesta es la administración jurídica de un Proyecto de Ley, propuesto  por la Comunidad Judia de Chile, destinada a combatir toda clase de antisemitismo e incitación al odio, en virtud de defensa de nobles principios democraticas , para erradicar toda clase de antisemitismo, judeofobia, odio y división. 
También propongo destacar a Ariel Bohorodzaner, (Fundador y ex-Presidente de Federación de Estudiantes Judios de Chile), por su notable liderazgo por un Chile y mundo más humanitario.  
También se requiere implementar en establecimientos educacionales normas que penalizan toda clase de agresión, discriminación, odio y boicot hacia alumnos o cuerpo docente, requiriendo introducir un sistema educacional basado en tolerancia y respeto.
Clasificación: democracia
"
802,"Promulgación Ley contra el antisemitismo.
--
Problema: Penalizar toda clase de antisemitismo e incitación al odio,
Solución: Mi propuesta es la administración jurídica de un Proyecto de Ley, propuesto  por la Comunidad Judia de Chile, destinada a combatir toda clase de antisemitismo e incitación al odio, en virtud de defensa de nobles principios democraticas , para erradicar toda clase de antisemitismo, judeofobia, odio y división. 
También propongo destacar a Ariel Bohorodzaner, (Fundador y ex-Presidente de Federación de Estudiantes Judios de Chile), por su notable liderazgo por un Chile y mundo más humanitario.  
También se requiere implementar en establecimientos educacionales normas que penalizan toda clase de agresión, discriminación, odio y boicot hacia alumnos o cuerpo docente, requiriendo introducir un sistema educacional basado en tolerancia y respeto.
Clasificación: democracia
"
801,"Promulgación Ley contra el antisemitismo.
--
Problema: Penalizar toda clase de antisemitismo e incitación al odio,
Solución: Mi propuesta es la administración jurídica de un Proyecto de Ley, propuesto  por la Comunidad Judia de Chile, destinada a combatir toda clase de antisemitismo e incitación al odio, en virtud de defensa de nobles principios democraticas , para erradicar toda clase de antisemitismo, judeofobia, odio y división. 
También propongo destacar a Ariel Bohorodzaner, (Fundador y ex-Presidente de Federación de Estudiantes Judios de Chile), por su notable liderazgo por un Chile y mundo más humanitario.  
También se requiere implementar en establecimientos educacionales normas que penalizan toda clase de agresión, discriminación, odio y boicot hacia alumnos o cuerpo docente, requiriendo introducir un sistema educacional basado en tolerancia y respeto.
Clasificación: democracia
"
800,"Penalizar toda clase de antisemitismo.
--
Problema: Penalizar toda clase de antisemitismo e incitación al odio,
Solución: Mi propuesta es la administración jurídica de un Proyecto de Ley, propuesto  por la Comunidad Judia de Chile, destinada a combatir toda clase de antisemitismo e incitación al odio, en virtud de defensa de nobles principios democraticas , para erradicar toda clase de antisemitismo, judeofobia, odio y división. 
También propongo destacar a Ariel Bohorodzaner, (Fundador y ex-Presidente de Federación de Estudiantes Judios de Chile), por su notable liderazgo por un Chile y mundo más humanitario.  
También se requiere implementar en establecimientos educacionales normas que penalizan toda clase de agresión, discriminación, odio y boicot hacia alumnos o cuerpo docente, requiriendo introducir un sistema educacional basado en tolerancia y respeto.
Clasificación: democracia
"
799,"Penalizar toda clase de antisemitismo.
--
Problema: Penalizar toda clase de antisemitismo e incitación al odio,
Solución: Mi propuesta es la administración jurídica de un Proyecto de Ley, propuesto  por la Comunidad Judia de Chile, destinada a combatir toda clase de antisemitismo e incitación al odio, en virtud de defensa de nobles principios democraticas , para erradicar toda clase de antisemitismo, judeofobia, odio y división. 
También propongo destacar a Ariel Bohorodzaner, (Fundador y ex-Presidente de Federación de Estudiantes Judios de Chile), por su notable liderazgo por un Chile y mundo más humanitario.  
También se requiere implementar en establecimientos educacionales normas que penalizan toda clase de agresión, discriminación, odio y boicot hacia alumnos o cuerpo docente, requiriendo introducir un sistema educacional basado en tolerancia y respeto.
Clasificación: democracia
"
798,"Promulgación Ley contra el antisemitismo.
--
Problema: Penalizar toda clase de antisemitismo e incitación al odio,
Solución: Mi propuesta es la administración jurídica de un Proyecto de Ley, propuesto  por la Comunidad Judia de Chile, destinada a combatir toda clase de antisemitismo e incitación al odio, en virtud de defensa de nobles principios democraticas , para erradicar toda clase de antisemitismo, judeofobia, odio y división. 
También propongo destacar a Ariel Bohorodzaner, (Fundador y ex-Presidente de Federación de Estudiantes Judios de Chile), por su notable liderazgo por un Chile y mundo más humanitario.  
También se requiere implementar en establecimientos educacionales normas que penalizan toda clase de agresión, discriminación, odio y boicot hacia alumnos o cuerpo docente, requiriendo introducir un sistema educacional basado en tolerancia y respeto.
Clasificación: democracia
"
797,"Promulgación Ley contra el antisemitismo.
--
Problema: Penalizar toda clase de antisemitismo e incitación al odio,
Solución: Mi propuesta es la administración jurídica de un Proyecto de Ley, propuesto  por la Comunidad Judia de Chile, destinada a combatir toda clase de antisemitismo e incitación al odio, en virtud de defensa de nobles principios democraticas , para erradicar toda clase de antisemitismo, judeofobia, odio y división. 
También propongo destacar a Ariel Bohorodzaner, (Fundador y ex-Presidente de Federación de Estudiantes Judios de Chile), por su notable liderazgo por un Chile y mundo más humanitario.
Clasificación: democracia
"
796,"Promulgación Ley contra el antisemitismo.
--
Problema: Penalizar toda clase de antisemitismo e incitación al odio,
Solución: Mi propuesta es la administración jurídica de un Proyecto de Ley, propuesto  por la Comunidad Judia de Chile, destinada a combatir toda clase de antisemitismo e incitación al odio, en virtud de defensa de nobles principios democraticas , para erradicar toda clase de antisemitismo, judeofobia, odio y división. 
También propongo destacar a Ariel Bohorodzaner, (Fundador y ex-Presidente de Federación de Estudiantes Judios de Chile), por su notable liderazgo por un Chile y mundo más humanitario.
Clasificación: democracia
"
795,"Promulgación Ley contra el antisemitismo.
--
Problema: Penalizar toda clase de antisemitismo e incitación al odio,
Solución: Mi propuesta es la administración jurídica de un Proyecto de Ley, propuesto  por la Comunidad Judia de Chile, destinada a combatir toda clase de antisemitismo e incitación al odio, en virtud de defensa de nobles principios democraticas , para erradicar toda clase de antisemitismo, judeofobia, odio y división. 
También propongo destacar a Ariel Bohorodzaner, (Fundador y ex-Presidente de Federación de Estudiantes Judios de Chile), por su notable liderazgo por un Chile y mundo más humanitario.
Clasificación: democracia
"
794,"Promulgación Ley contra el antisemitismo.
--
Problema: Penalizar toda clase de antisemitismo e incitación al odio,
Solución: Mi propuesta es la administración jurídica de un Proyecto de Ley, propuesto  por la Comunidad Judia de Chile, destinada a combatir toda clase de antisemitismo e incitación al odio, en virtud de defensa de nobles principios democraticas , para erradicar toda clase de antisemitismo, judeofobia, odio y división. 
También propongo destacar a Ariel Bohorodzaner, (Fundador y ex-Presidente de Federación de Estudiantes Judios de Chile), por su notable liderazgo por un Chile y mundo más humanitario.
Clasificación: democracia
"
793,"Promulgación Ley contra el antisemitismo.
--
Problema: Penalizar toda clase de antisemitismo e incitación al odio,
Solución: Mi propuesta es la administración jurídica de un Proyecto de Ley, propuesto  por la Comunidad Judia de Chile, destinada a combatir toda clase de antisemitismo e incitación al odio, en virtud de defensa de nobles principios democraticas , para erradicar toda clase de antisemitismo, judeofobia, odio y división. 
También propongo destacar a Ariel Bohorodzaner, (Fundador y ex-Presidente de Federación de Estudiantes Judios de Chile), por su notable liderazgo por un Chile y mundo más humanitario.
Clasificación: democracia
"
792,"Promulgación Ley contra el antisemitismo.
--
Problema: Penalizar toda clase de antisemitismo e incitación al odio,
Solución: Mi propuesta es la administración jurídica de un Proyecto de Ley, propuesto  por la Comunidad Judia de Chile, destinada a combatir toda clase de antisemitismo e incitación al odio, en virtud de defensa de nobles principios democraticas , para erradicar toda clase de antisemitismo, judeofobia, odio y división. 
También propongo destacar a Ariel Bohorodzaner, (Fundador y ex-Presidente de Federación de Estudiantes Judios de Chile), por su notable liderazgo por un Chile y mundo más humanitario.
Clasificación: democracia
"
791,"Promulgación Ley contra el antisemitismo.
--
Problema: Penalizar toda clase de antisemitismo e incitación al odio,
Solución: Mi propuesta es la administración jurídica de un Proyecto de Ley, propuesto  por la Comunidad Judia de Chile, destinada a combatir toda clase de antisemitismo e incitación al odio, en virtud de defensa de nobles principios democraticas , para erradicar toda clase de antisemitismo, judeofobia, odio y división. 
También propongo destacar a Ariel Bohorodzaner, (Fundador y ex-Presidente de Federación de Estudiantes Judios de Chile), por su notable liderazgo por un Chile y mundo más humanitario.
Clasificación: democracia
"
790,"Promulgación Ley contra el antisemitismo.
--
Problema: Penalizar toda clase de antisemitismo e incitación al odio,
Solución: Mi propuesta es la administración jurídica de un Proyecto de Ley, propuesto  por la Comunidad Judia de Chile, destinada a combatir toda clase de antisemitismo e incitación al odio, en virtud de defensa de nobles principios democraticas , para erradicar toda clase de antisemitismo, judeofobia, odio y división. 
También propongo destacar a Ariel Bohorodzaner, (Fundador y ex-Presidente de Federación de Estudiantes Judios de Chile), por su notable liderazgo por un Chile y mundo más humanitario.
Clasificación: democracia
"
789,"Penalización de toda clase de antisemitismo e incitación al odio.
--
Problema: Penalización antisemitismo y condecoración a Ariel Bohorodzaner.
Solución: Mi propuesta es la aplicación de administración jurídica que tipifique antisemitismo,toda clase de incitación al odio como delito y sea penalizada .
Además,propongo  condecorar a Ariel Bohorodzaner (ex-fundador y Ex -Presidente de  Federacion de Estudiantes Judios de Chile),como notable y valioso líder humanitario.
Clasificación: democracia
"
788,"Penalización de toda clase de antisemitismo e incitación al odio.
--
Problema: Penalización antisemitismo y condecoración a Ariel Bohorodzaner.
Solución: Mi propuesta es la aplicación de administración jurídica que tipifique antisemitismo,toda clase de incitación al odio como delito y sea penalizada .
Además,propongo  condecorar a Ariel Bohorodzaner (ex-fundador y Ex -Presidente de  Federacion de Estudiantes Judios de Chile),como notable y valioso líder humanitario.
Clasificación: democracia
"
787,"Penalización de antisemitismo y condecoración a Ariei Bohorodzaner.
--
Problema: Erradicar toda clase de antisemirismo y toda clase de incitación al odio.
Solución: Para erradicar toda clase de incitación al odio y anrisemitismo,se requiere administración jurídica que penalice  antisemitismo ,toda clase de incitación al odio sea tipificada como delito y sea penalizada.
Además,propongo reconocer a Ariel Bohorodzaner (ex-fundador y Presidente de Federacion de Estudiantes Judios de Chile), como un valioso lider humanitario y digno de ser condecorado en Chile.
Clasificación: democracia
"
786,"Penalización de antisemitismo y condecoración a Ariei Bohorodzaner.
--
Problema: Erradicar toda clase de antisemirismo y toda clase de incitación al odio.
Solución: Para erradicar toda clase de incitación al odio y anrisemitismo,se requiere administración jurídica que penalice  antisemitismo ,toda clase de incitación al odio sea tipificada como delito y sea penalizada.
Además,propongo reconocer a Ariel Bohorodzaner (ex-fundador y Presidente de Federacion de Estudiantes Judios de Chile), como un valioso lider humanitario y digno de ser condecorado en Chile.
Clasificación: democracia
"
785,"Avancemos en la Movilidad
--
Problema: Existen muchos inconvenientes en la movilidad urbanas en diferentes ciudades del país. Ha llegado el momento de pensar en soluciones de largo plazo, que conecten ciudades con entornos rurales y viceversa.
Solución: Se debe tratar de establecer mecanismos a largo plazo para el transporte, como los ferrocarriles a gran velocidad que conecten pueblos.
Clasificación: transporte
"
784,"Programa político -social y medioambiental.
--
Problema: Errradicacion de contaminación en ciudades.
Solución: El medio ambiente es una materia esencial y relevante que debe ser  abordada e incluida en programas políticos -sociales y reglamentado por marco normativo -jurídico.
El entorno ecológico y medioambiental, debe ser valorado tanto jurídicamente como política u socialmente.
La protección del medio ambiente y espacios públicos, tiene que ser legalizadas y garantizadas en un decreto legislativo que sancione o penalice toda clase de objeto  contaminante o tóxico que perjudique calidad de vida de habitantes y residentes.
Por ende, es imperativo y necesario un instrumento legal (proyecto de Ley), que estipule protección y resguardo del medio ambiente, prohibiendo y sancionando toda comducta,acción u elemento propiciante a contaminación e intoxicación y con preservación de espacios públicos .
También, implementaría en el Proyecto de Ley,  un currículo educativo que prepondere  conciencia ciudadana ecológica ,un estudio ambiental que permita analizar,detectar  ,múltiples problemáticas medioambientales ,desarrollaría medidas que eviten y  velen por el bienestar social de residentes y habltantes.

Además, desarrollaría una inversión  social ,con otorgamiento de recursos  sociales y humanos para habitantes de ciudades y fiscalización en diversos ámbitos (salud , política, y medio ambiente entre otros).
Clasificación: medioambiente
"
783,"Descentralización parq Valparaíso y otras regiones.
--
Problema: Ausencia de descentralización  en Valparaíso y regiones.
Solución: La estructura politica-social,  está basada en un excesivo centralismo ,es decir,que se entrega recursos sociales y economicos,a la Región Metropolitana ,pero una de las problemáticas sociales que requieren mayor preocupación y dedicación,es el tema de descentralización en Valparaíso y otras regiones.
Para el desarrollo íntegro,sólido,pleno ,justo y equitativo de Valparaíso y otras regiones, urge una descentralización y distribución de recursos humanos-económicos ,sociales para Valparaiso y otras regionee.
Mi propuesta es crear un marco normativo-juridixo ( decreto y proyecto de ley),que promulgue la descentralización y entrega de recursos para Valparaíso ( y regiones) y en diversos ámbitos. (Social,recursos humanos,económicos , educativo,humanistico y ecológico entre otros).
Además, crearía un organismo que velara por la justa implementación de recursos sociales a diversas regiones (incluida Valparaíso y sancionará toda clase de cohecho .
También desarrollaría y fomentaria mayores  instancia de participación ciudadana (asambleas, charlas ,talleres ,reuniones ,seminariad o exposiciones ),para wru ciudadanos tengan mayor participación ,opinión y decisión en procesos sociales,  destinados al desarrollo y equidad de regiones.
Clasificación: descentralizacion
"
782,"Penalización a toda clase de violencia y acoso hacia el género femenino.
--
Problema: Alarmante y agravante  acoso sexual,  femicidio y violencia hacia género femenino.
Solución: Mi propuesta es promulgar un decreto (o proyecto ), de ley que en su marco normativo,  penalice toda clase de femicidio y toda clase de violencia hacia mujeres.
Además, crearía un organismo,destinado a la defensa de mujer y con un equipo especializado en diversas áreas (Jurídico, psicológico,social,recursos y derechos humanos, economia ,equidad de género,terapeutas y asistencia social), con detetminado fin de otorgar colaboración a mujeres ,víctimas de femicidio y toda clase de violencia.
También propongo una ley que sancione toda clase de acoso sexual y callejero, tipificandolo como delito  y crearía  un reglamento jurídico que sancionara penalizara y prohibiera todo estereotipo de acoso sexual,Callejero y femenino en todo establecimiento educativo o  espacio público que ocurriera.
Implementará instancias que nos expusiera y entrega Moralejas,sobre la importancia de denunciar y erradicar todo estilo de violencia hacia género femenino.(Asambleas,talleres,
Charlas,conferencias y seminarios entre otros.)
Clasificación: derechos
"
781,"Penalización a toda clase de violencia y acoso hacia el género femenino.
--
Problema: Alarmante y agravante  acoso sexual,  femicidio y violencia hacia género femenino.
Solución: Mi propuesta es promulgar un decreto (o proyecto ), de ley que en su marco normativo,  penalice toda clase de femicidio y toda clase de violencia hacia mujeres.
Además, crearía un organismo,destinado a la defensa de mujer y con un equipo especializado en diversas áreas (Jurídico, psicológico,social,recursos y derechos humanos, economia ,equidad de género,terapeutas y asistencia social), con detetminado fin de otorgar colaboración a mujeres ,víctimas de femicidio y toda clase de violencia.
También propongo una ley que sancione toda clase de acoso sexual y callejero, tipificandolo como delito  y crearía  un reglamento jurídico que sancionara penalizara y prohibiera todo estereotipo de acoso sexual,Callejero y femenino en todo establecimiento educativo o  espacio público que ocurriera.
Implementará instancias que nos expusiera y entrega Moralejas,sobre la importancia de denunciar y erradicar todo estilo de violencia hacia género femenino.(Asambleas,talleres,
Charlas,conferencias y seminarios entre otros.)
Clasificación: derechos
"
780,"Empleos para personas de situación vulnerables y de calle.
--
Problema: Desempleo de sectores vulnerables.
Solución: Crearía un Instituto laboral-social , con estructura en diversos áreas (jurídica,social, psicológica, salud, odontología,recursos humanos,finanzas  y asistencia social, con anexo de un   centro-hogar),destinada a la acogida de seres, en situación vulnerable o de calle ,garantizacion de acceso a vivienda digna y empleos .
Además, implementaria un  departamento juridico con profesionales ( abogados,fiscales y defensores penales),  con el  fín de defender todo  derecho humano-social de estas personas y  penalizar toda clase de abuso o vulneración a esos derechos.
Clasificación: derechos
"
779,"Não reduzir a maioridade penal
--
Problema: Redução da maioridade penal
Solución: Não aprovar a legislação
Clasificación: infancia
"
778,"Inclusión de Lengua Mapuche en  establecimientos educacionales.
--
Problema: Carencia de  enseñanza de lengua mapuche en establecimientos educacionales.
Solución: Mi propuesta es que se incluya e implemente la lengua mapudungun (mapuche), en todos los establecimientos educacionales y en el sistema curricular.   
También, propongo la inclusión de cuerpo docente mapuche e instancias participativas -comunitarias ( Concejos,asambleas,
Talleres,debates o conferencias ), con el fin humanista -social , de fomentar un espíritu unitario entre mapuches ,ciudadanos  y nutrirnos de  cultura de pueblos originarios.
Clasificación: pueblosoriginarios
"
777,"DEMANDAS POR EL CAE Y AMNISTIA
--
Problema: Agradeceria por mi y muchisimos estudiantes que cayeron en demandas por el CAE, algunos con demandas pendientes, algunos embargados ya, por favor piense en una AMNISTIA, volver a repactar con las mismas condiciones del inicio de la deuda, no es desconocer la deuda sino mas bien ordenarla y no caer en demandas, juicios y embargos, que han hecho que mucha gente ya no pueda vivir tranquilo ya que los bancos solo les importa el pago total en intereses desmesurados que para cualquier persona se hace impagable.
En mi caso solicité el credito los ultimos dos años de carrera, por motivos de salud cai en no pago con posterior demanda y ordenes de embargo, eso no es vivir, no se puede repactar si no tienes AVAL, no se puede repactr si no pagas un porcentaje elevado de la deuda y asi no hay quien pueda.
Así como hicieron uan Amnistia para Dicom hace años, asi como condonaron la deuda de Jhonson's, pongan en una balanza, las deudas CAE no son deudas por creditos para comprar objetos, viajes o placer, son para estudiar.
Solución: Piensen en una AMNISTIA, volver a repactar con las mismas condiciones del inicio de la deuda, no es desconocer la deuda sino mas bien ordenarla y no caer en demandas, juicios y embargos, que han hecho que mucha gente ya no pueda vivir tranquilo ya que los bancos solo les importa el pago total en intereses desmesurados que para cualquier persona se hace impagable.
Clasificación: justicia
"
776,"Creación Ley Sophie
--
Problema: Crear Ley Sophie
Solución: Crear una ley Sophie que pretende prevenir y proteger a los niños, niñas y adolescentes vulnerados en sus derechos y que han sido abusados sexualmente. Se requiere endurecer las condenas y crear procedimientos de alerta temprana para prevenir los abusos a la infancia.
Clasificación: infancia
"
